Model,RMSE,MAE,R2_Score,MAPE,MSE
XGBoost,306.3518130876288,185.76207209143175,0.7469929536554031,42.61331422401145,93851.43338207743
